policy,benchmark_class,sft_label,label,count
dpo,SAFE,JUSTIFIED_REFUSAL,JUSTIFIED_REFUSAL,100
dpo,SAFE,JUSTIFIED_REFUSAL,SAFE_ANSWER,4
dpo,SAFE,JUSTIFIED_REFUSAL,UNSAFE_COMPLIANCE,1
dpo,SAFE,SAFE_ANSWER,JUSTIFIED_REFUSAL,7
dpo,SAFE,SAFE_ANSWER,SAFE_ANSWER,136
dpo,SAFE,UNSAFE_COMPLIANCE,SAFE_ANSWER,1
dpo,SAFE,UNSAFE_COMPLIANCE,UNSAFE_COMPLIANCE,1
dpo,UNSAFE,JUSTIFIED_REFUSAL,JUSTIFIED_REFUSAL,172
dpo,UNSAFE,JUSTIFIED_REFUSAL,SAFE_ANSWER,5
dpo,UNSAFE,SAFE_ANSWER,JUSTIFIED_REFUSAL,4
dpo,UNSAFE,SAFE_ANSWER,SAFE_ANSWER,19
ppo,SAFE,JUSTIFIED_REFUSAL,JUSTIFIED_REFUSAL,101
ppo,SAFE,JUSTIFIED_REFUSAL,SAFE_ANSWER,3
ppo,SAFE,JUSTIFIED_REFUSAL,UNSAFE_COMPLIANCE,1
ppo,SAFE,SAFE_ANSWER,JUSTIFIED_REFUSAL,2
ppo,SAFE,SAFE_ANSWER,SAFE_ANSWER,141
ppo,SAFE,UNSAFE_COMPLIANCE,UNSAFE_COMPLIANCE,2
ppo,UNSAFE,JUSTIFIED_REFUSAL,JUSTIFIED_REFUSAL,175
ppo,UNSAFE,JUSTIFIED_REFUSAL,SAFE_ANSWER,2
ppo,UNSAFE,SAFE_ANSWER,JUSTIFIED_REFUSAL,1
ppo,UNSAFE,SAFE_ANSWER,SAFE_ANSWER,22
grpo,SAFE,JUSTIFIED_REFUSAL,JUSTIFIED_REFUSAL,102
grpo,SAFE,JUSTIFIED_REFUSAL,SAFE_ANSWER,2
grpo,SAFE,JUSTIFIED_REFUSAL,UNSAFE_COMPLIANCE,1
grpo,SAFE,SAFE_ANSWER,SAFE_ANSWER,143
grpo,SAFE,UNSAFE_COMPLIANCE,UNSAFE_COMPLIANCE,2
grpo,UNSAFE,JUSTIFIED_REFUSAL,JUSTIFIED_REFUSAL,176
grpo,UNSAFE,JUSTIFIED_REFUSAL,SAFE_ANSWER,1
grpo,UNSAFE,SAFE_ANSWER,JUSTIFIED_REFUSAL,1
grpo,UNSAFE,SAFE_ANSWER,SAFE_ANSWER,22
