model,stratum,n,pref_accuracy,margin_mean,dpo_loss_beta_0.10
sft,preferred_longer,70,0.0,0.0,0.6931471805599454
sft,length_matched,79,0.0,0.0,0.6931471805599455
sft,rejected_longer,75,0.0,0.0,0.6931471805599454
sft,all,224,0.0,0.0,0.6931471805599453
standard,preferred_longer,70,0.4714285714285714,-0.010097667149135044,0.6952286039048625
standard,length_matched,79,0.5443037974683544,0.17100818851326086,0.6857134798485347
standard,rejected_longer,75,0.6666666666666666,0.571562139193217,0.6669329790904536
standard,all,224,0.5625,0.24852665460535459,0.6823988420230297
length_balanced,preferred_longer,70,0.42857142857142855,-0.4034745352608817,0.7176666611571237
length_balanced,length_matched,79,0.6329113924050633,0.3756302263163313,0.6769580293072794
length_balanced,rejected_longer,75,0.7733333333333333,1.4876401686668397,0.6274960350073946
length_balanced,all,224,0.6160714285714286,0.5044847458068814,0.6731185411688765
