reward,grouping,K,bin,n_groups,n_generations,informative_group_rate,uninformative_group_fraction,nonzero_advantage_fraction,mean_group_reward_std,sd_of_group_reward_std,advantage_variance,centered_reward_variance,baseline_mse,sign_agreement,informative_rate_std_gt_0.1,informative_rate_std_gt_0.25,informative_rate_std_gt_0.5
rm_reward,disjoint,2,all,96,192,0.9375,0.0625,0.9375,0.3845672607421875,0.4346756272629393,0.9374814173564774,0.3368348789711793,0.22306026487300792,0.7611111111111111,0.7604166666666666,0.4895833333333333,0.25
rm_reward,disjoint,2,low_reward_hard,32,64,0.84375,0.15625,0.84375,0.49340057373046875,0.5958133016675866,0.8437429903132556,0.5984376166015863,0.2884632903151214,0.7222222222222222,0.75,0.5625,0.375
rm_reward,disjoint,2,mid,32,64,0.96875,0.03125,0.96875,0.41237640380859375,0.3661096629137956,0.9687324662020503,0.3040905836969614,0.14282165793702006,0.8064516129032258,0.8125,0.59375,0.25
rm_reward,disjoint,2,high_reward_easy,32,64,1.0,0.0,1.0,0.2479248046875,0.21566114122774926,0.9999687955541261,0.10797643661499023,0.23789584636688232,0.75,0.71875,0.3125,0.125
rm_reward,disjoint,4,all,48,192,0.9583333333333334,0.04166666666666663,0.9583333333333334,0.5410043647319412,0.4183782212043203,0.9583276282884473,0.4677260586371024,0.09216908520708482,0.8858695652173914,0.9375,0.75,0.4791666666666667
rm_reward,disjoint,4,low_reward_hard,16,64,0.875,0.125,0.875,0.6614877562072954,0.5907290085645377,0.8749959487185579,0.786526813171804,0.1003740937449038,0.8392857142857143,0.875,0.6875,0.625
rm_reward,disjoint,4,mid,16,64,1.0,0.0,1.0,0.5516941225351226,0.3120132653745663,0.9999938126434347,0.4017186826094985,0.045193559024482965,0.90625,0.9375,0.875,0.5625
rm_reward,disjoint,4,high_reward_easy,16,64,1.0,0.0,1.0,0.4098312154534056,0.21672806687180388,0.9999931235033492,0.21493268013000488,0.13093960285186768,0.90625,1.0,0.6875,0.25
rm_reward,disjoint,8,all,24,192,0.9583333333333334,0.04166666666666663,0.9583333333333334,0.6190544134665206,0.4203174716946816,0.9583290996055105,0.5598951438441873,0.0,1.0,0.9583333333333334,0.875,0.4583333333333333
rm_reward,disjoint,8,low_reward_hard,8,64,0.875,0.125,0.875,0.7633688437029319,0.5515151089320731,0.8749973884556075,0.8869009069167078,0.0,1.0,0.875,0.875,0.625
rm_reward,disjoint,8,mid,8,64,1.0,0.0,1.0,0.5990220788024174,0.2967908198398527,0.9999956471654694,0.44691224163398147,0.0,1.0,1.0,1.0,0.5
rm_reward,disjoint,8,high_reward_easy,8,64,1.0,0.0,1.0,0.49477231789421244,0.3179192294081328,0.9999942631954548,0.34587228298187256,0.0,1.0,1.0,0.75,0.25
rm_reward,exhaustive_subsets,2,all,672,1344,0.9479166666666666,0.05208333333333337,0.9479166666666666,0.3852488199869792,0.41415387103746665,0.9478950971901458,0.3199400821966784,0.23995506164750882,0.7723704866562009,0.7410714285714286,0.49702380952380953,0.27232142857142855
rm_reward,exhaustive_subsets,2,low_reward_hard,224,448,0.8705357142857143,0.1294642857142857,0.8705357142857143,0.48106275285993305,0.5247658011427019,0.8705220127898,0.5068005182381187,0.38010038867858903,0.7717948717948718,0.7544642857142857,0.5669642857142857,0.36160714285714285
rm_reward,exhaustive_subsets,2,mid,224,448,0.9821428571428571,0.017857142857142905,0.9821428571428571,0.36792101178850445,0.3464282795549026,0.9821181964849297,0.2553784237908466,0.19153381784313492,0.7704545454545455,0.7678571428571429,0.5178571428571429,0.25
rm_reward,exhaustive_subsets,2,high_reward_easy,224,448,0.9910714285714286,0.008928571428571397,0.9910714285714286,0.3067626953125,0.321773139534176,0.9910450822957074,0.19764130456107004,0.14823097842080252,0.7747747747747747,0.7008928571428571,0.40625,0.20535714285714285
rm_reward,exhaustive_subsets,4,all,1680,6720,0.9583333333333334,0.04166666666666663,0.9566964285714286,0.548795931734076,0.42276843378751094,0.958327109709281,0.47991012329501764,0.0799850205491696,0.8727640379530254,0.9214285714285714,0.7666666666666667,0.4125
rm_reward,exhaustive_subsets,4,low_reward_hard,560,2240,0.875,0.125,0.875,0.6817746859852063,0.5434924607636719,0.8749967450765839,0.7602007773571781,0.12670012955952967,0.8964285714285715,0.8714285714285714,0.8285714285714286,0.5785714285714286
rm_reward,exhaustive_subsets,4,mid,560,2240,1.0,0.0,0.9986607142857142,0.5240011722864286,0.3293788200973438,0.999992473481672,0.38306763568626984,0.06384460594771164,0.8502458649977649,0.95,0.8142857142857143,0.3982142857142857
rm_reward,exhaustive_subsets,4,high_reward_easy,560,2240,1.0,0.0,0.9964285714285714,0.4406119369305932,0.31987978660096045,0.9999921105695874,0.29646195684160503,0.04941032614026751,0.8745519713261649,0.9428571428571428,0.6571428571428571,0.26071428571428573
rm_reward,exhaustive_subsets,8,all,24,192,0.9583333333333334,0.04166666666666663,0.9583333333333334,0.6190544134665206,0.4203174716946816,0.9583290996055105,0.5598951438441873,0.0,1.0,0.9583333333333334,0.875,0.4583333333333333
rm_reward,exhaustive_subsets,8,low_reward_hard,8,64,0.875,0.125,0.875,0.7633688437029319,0.5515151089320731,0.8749973884556075,0.8869009069167078,0.0,1.0,0.875,0.875,0.625
rm_reward,exhaustive_subsets,8,mid,8,64,1.0,0.0,1.0,0.5990220788024174,0.2967908198398527,0.9999956471654694,0.44691224163398147,0.0,1.0,1.0,1.0,0.5
rm_reward,exhaustive_subsets,8,high_reward_easy,8,64,1.0,0.0,1.0,0.49477231789421244,0.3179192294081328,0.9999942631954548,0.34587228298187256,0.0,1.0,1.0,0.75,0.25
binarized_at_median,disjoint,2,all,96,192,0.1875,0.8125,0.1875,0.09375,0.19515618744994995,0.18749925000225,0.046875,0.03515625,1.0,0.1875,0.1875,0.0
binarized_at_median,disjoint,2,low_reward_hard,32,64,0.0,1.0,0.0,0.0,0.0,0.0,0.0,0.0,,0.0,0.0,0.0
binarized_at_median,disjoint,2,mid,32,64,0.4375,0.5625,0.4375,0.21875,0.24803918541230538,0.43749825000525,0.109375,0.0703125,1.0,0.4375,0.4375,0.0
binarized_at_median,disjoint,2,high_reward_easy,32,64,0.125,0.875,0.125,0.0625,0.16535945694153692,0.1249995000015,0.03125,0.03515625,1.0,0.125,0.125,0.0
binarized_at_median,disjoint,4,all,48,192,0.3541666666666667,0.6458333333333333,0.3541666666666667,0.1631276462275457,0.22115651554859064,0.354165121087968,0.07552083333333333,0.006510416666666667,1.0,0.3541666666666667,0.3541666666666667,0.0
binarized_at_median,disjoint,4,low_reward_hard,16,64,0.0,1.0,0.0,0.0,0.0,0.0,0.0,0.0,,0.0,0.0,0.0
binarized_at_median,disjoint,4,mid,16,64,0.8125,0.1875,0.8125,0.37275635094610965,0.181459920724497,0.8124964406106734,0.171875,0.0078125,1.0,0.8125,0.8125,0.0
binarized_at_median,disjoint,4,high_reward_easy,16,64,0.25,0.75,0.25,0.1166265877365274,0.20269617419412253,0.24999892265323082,0.0546875,0.01171875,1.0,0.25,0.25,0.0
binarized_at_median,disjoint,8,all,24,192,0.4583333333333333,0.5416666666666667,0.4583333333333333,0.19125664990670033,0.2131950840579254,0.45833107048792127,0.08203125,0.0,1.0,0.4583333333333333,0.4583333333333333,0.0
binarized_at_median,disjoint,8,low_reward_hard,8,64,0.0,1.0,0.0,0.0,0.0,0.0,0.0,0.0,,0.0,0.0,0.0
binarized_at_median,disjoint,8,mid,8,64,1.0,0.0,1.0,0.41778813296369843,0.07169780997148423,0.9999950611337298,0.1796875,0.0,1.0,1.0,1.0,0.0
binarized_at_median,disjoint,8,high_reward_easy,8,64,0.375,0.625,0.375,0.15598181675640255,0.2051241644501497,0.3749981503300339,0.06640625,0.0,1.0,0.375,0.375,0.0
binarized_at_median,exhaustive_subsets,2,all,672,1344,0.1875,0.8125,0.1875,0.09375,0.19515618744994995,0.18749925000224998,0.046875,0.03515625,1.0,0.1875,0.1875,0.0
binarized_at_median,exhaustive_subsets,2,low_reward_hard,224,448,0.0,1.0,0.0,0.0,0.0,0.0,0.0,0.0,,0.0,0.0,0.0
binarized_at_median,exhaustive_subsets,2,mid,224,448,0.4107142857142857,0.5892857142857143,0.4107142857142857,0.20535714285714285,0.2459817377492127,0.4107126428620714,0.10267857142857142,0.07700892857142858,1.0,0.4107142857142857,0.4107142857142857,0.0
binarized_at_median,exhaustive_subsets,2,high_reward_easy,224,448,0.15178571428571427,0.8482142857142857,0.15178571428571427,0.07589285714285714,0.17940652944116178,0.15178510714467855,0.03794642857142857,0.028459821428571428,1.0,0.15178571428571427,0.15178571428571427,0.0
binarized_at_median,exhaustive_subsets,4,all,1680,6720,0.3398809523809524,0.6601190476190476,0.3398809523809524,0.1542303598485324,0.21569769609569825,0.33987944773832124,0.0703125,0.01171875,1.0,0.3398809523809524,0.3398809523809524,0.0
binarized_at_median,exhaustive_subsets,4,low_reward_hard,560,2240,0.0,1.0,0.0,0.0,0.0,0.0,0.0,0.0,,0.0,0.0,0.0
binarized_at_median,exhaustive_subsets,4,mid,560,2240,0.7428571428571429,0.2571428571428571,0.7428571428571429,0.3374564416739112,0.20035220766350265,0.7428538576184222,0.15401785714285715,0.025669642857142856,1.0,0.7428571428571429,0.7428571428571429,0.0
binarized_at_median,exhaustive_subsets,4,high_reward_easy,560,2240,0.2767857142857143,0.7232142857142857,0.2767857142857143,0.12523463787168593,0.20306631511476872,0.27678448559654134,0.056919642857142856,0.009486607142857142,1.0,0.2767857142857143,0.2767857142857143,0.0
binarized_at_median,exhaustive_subsets,8,all,24,192,0.4583333333333333,0.5416666666666667,0.4583333333333333,0.19125664990670033,0.2131950840579254,0.45833107048792127,0.08203125,0.0,1.0,0.4583333333333333,0.4583333333333333,0.0
binarized_at_median,exhaustive_subsets,8,low_reward_hard,8,64,0.0,1.0,0.0,0.0,0.0,0.0,0.0,0.0,,0.0,0.0,0.0
binarized_at_median,exhaustive_subsets,8,mid,8,64,1.0,0.0,1.0,0.41778813296369843,0.07169780997148423,0.9999950611337298,0.1796875,0.0,1.0,1.0,1.0,0.0
binarized_at_median,exhaustive_subsets,8,high_reward_easy,8,64,0.375,0.625,0.375,0.15598181675640255,0.2051241644501497,0.3749981503300339,0.06640625,0.0,1.0,0.375,0.375,0.0
