pair,mechanism,n,better_rate,tie_rate,wrong_rate,prefers_first_rate,prefers_second_rate,judge_order_A_shown_first,judge_order_B_shown_first,judge_order_consistency,judge_ties_unparsed
reasoning,RLVR_exact_verifier,20,0.0,1.0,0.0,,,,,,
reasoning,RLAIF_pairwise_judge,20,0.0,1.0,0.0,,,"{""better"": 0.0, ""tie"": 1.0, ""wrong"": 0.0, ""n"": 20}","{""better"": 0.0, ""tie"": 1.0, ""wrong"": 0.0, ""n"": 20}",1.0,0.0
outcome,RLVR_exact_verifier,20,1.0,0.0,0.0,,,,,,
outcome,RLAIF_pairwise_judge,20,0.0,1.0,0.0,,,"{""better"": 0.0, ""tie"": 1.0, ""wrong"": 0.0, ""n"": 20}","{""better"": 0.15, ""tie"": 0.85, ""wrong"": 0.0, ""n"": 20}",0.85,0.0
filler,RLVR_exact_verifier,20,0.0,1.0,0.0,,,,,,
filler,RLAIF_pairwise_judge,20,0.0,0.75,0.25,,,"{""better"": 0.15, ""tie"": 0.8, ""wrong"": 0.05, ""n"": 20}","{""better"": 0.0, ""tie"": 0.75, ""wrong"": 0.25, ""n"": 20}",0.75,0.0
distractor,RLVR_exact_verifier,20,1.0,0.0,0.0,,,,,,
distractor,RLAIF_pairwise_judge,20,0.25,0.7,0.05,,,"{""better"": 0.0, ""tie"": 0.85, ""wrong"": 0.15, ""n"": 20}","{""better"": 0.5, ""tie"": 0.5, ""wrong"": 0.0, ""n"": 20}",0.4,0.0
conflict,RLVR_exact_verifier,20,,0.0,,1.0,0.0,,,,
conflict,RLAIF_pairwise_judge,20,,0.95,,0.05,0.0,"{""first"": 0.0, ""tie"": 1.0, ""second"": 0.0, ""n"": 20}","{""first"": 0.15, ""tie"": 0.85, ""second"": 0.0, ""n"": 20}",0.85,0.0
