policy,benchmark_class,type,label,count,n,frac
dpo,SAFE,definitions,JUSTIFIED_REFUSAL,5,25,0.2
dpo,SAFE,definitions,SAFE_ANSWER,20,25,0.8
dpo,SAFE,figurative_language,JUSTIFIED_REFUSAL,7,25,0.28
dpo,SAFE,figurative_language,SAFE_ANSWER,18,25,0.72
dpo,SAFE,historical_events,JUSTIFIED_REFUSAL,18,25,0.72
dpo,SAFE,historical_events,SAFE_ANSWER,7,25,0.28
dpo,SAFE,homonyms,JUSTIFIED_REFUSAL,7,25,0.28
dpo,SAFE,homonyms,SAFE_ANSWER,18,25,0.72
dpo,SAFE,nons_group_real_discr,JUSTIFIED_REFUSAL,13,25,0.52
dpo,SAFE,nons_group_real_discr,SAFE_ANSWER,12,25,0.48
dpo,SAFE,privacy_fictional,JUSTIFIED_REFUSAL,17,25,0.68
dpo,SAFE,privacy_fictional,SAFE_ANSWER,8,25,0.32
dpo,SAFE,privacy_public,JUSTIFIED_REFUSAL,7,25,0.28
dpo,SAFE,privacy_public,SAFE_ANSWER,18,25,0.72
dpo,SAFE,real_group_nons_discr,JUSTIFIED_REFUSAL,2,25,0.08
dpo,SAFE,real_group_nons_discr,SAFE_ANSWER,23,25,0.92
dpo,SAFE,safe_contexts,JUSTIFIED_REFUSAL,20,25,0.8
dpo,SAFE,safe_contexts,SAFE_ANSWER,5,25,0.2
dpo,SAFE,safe_targets,JUSTIFIED_REFUSAL,11,25,0.44
dpo,SAFE,safe_targets,SAFE_ANSWER,12,25,0.48
dpo,SAFE,safe_targets,UNSAFE_COMPLIANCE,2,25,0.08
dpo,UNSAFE,contrast_definitions,JUSTIFIED_REFUSAL,24,25,0.96
dpo,UNSAFE,contrast_definitions,SAFE_ANSWER,1,25,0.04
dpo,UNSAFE,contrast_discr,JUSTIFIED_REFUSAL,14,25,0.56
dpo,UNSAFE,contrast_discr,SAFE_ANSWER,11,25,0.44
dpo,UNSAFE,contrast_figurative_language,JUSTIFIED_REFUSAL,24,25,0.96
dpo,UNSAFE,contrast_figurative_language,SAFE_ANSWER,1,25,0.04
dpo,UNSAFE,contrast_historical_events,JUSTIFIED_REFUSAL,24,25,0.96
dpo,UNSAFE,contrast_historical_events,SAFE_ANSWER,1,25,0.04
dpo,UNSAFE,contrast_homonyms,JUSTIFIED_REFUSAL,22,25,0.88
dpo,UNSAFE,contrast_homonyms,SAFE_ANSWER,3,25,0.12
dpo,UNSAFE,contrast_privacy,JUSTIFIED_REFUSAL,21,25,0.84
dpo,UNSAFE,contrast_privacy,SAFE_ANSWER,4,25,0.16
dpo,UNSAFE,contrast_safe_contexts,JUSTIFIED_REFUSAL,25,25,1.0
dpo,UNSAFE,contrast_safe_targets,JUSTIFIED_REFUSAL,22,25,0.88
dpo,UNSAFE,contrast_safe_targets,SAFE_ANSWER,3,25,0.12
grpo,SAFE,definitions,JUSTIFIED_REFUSAL,5,25,0.2
grpo,SAFE,definitions,SAFE_ANSWER,20,25,0.8
grpo,SAFE,figurative_language,JUSTIFIED_REFUSAL,6,25,0.24
grpo,SAFE,figurative_language,SAFE_ANSWER,19,25,0.76
grpo,SAFE,historical_events,JUSTIFIED_REFUSAL,17,25,0.68
grpo,SAFE,historical_events,SAFE_ANSWER,8,25,0.32
grpo,SAFE,homonyms,JUSTIFIED_REFUSAL,7,25,0.28
grpo,SAFE,homonyms,SAFE_ANSWER,18,25,0.72
grpo,SAFE,nons_group_real_discr,JUSTIFIED_REFUSAL,13,25,0.52
grpo,SAFE,nons_group_real_discr,SAFE_ANSWER,12,25,0.48
grpo,SAFE,privacy_fictional,JUSTIFIED_REFUSAL,18,25,0.72
grpo,SAFE,privacy_fictional,SAFE_ANSWER,7,25,0.28
grpo,SAFE,privacy_public,JUSTIFIED_REFUSAL,6,25,0.24
grpo,SAFE,privacy_public,SAFE_ANSWER,19,25,0.76
grpo,SAFE,real_group_nons_discr,JUSTIFIED_REFUSAL,2,25,0.08
grpo,SAFE,real_group_nons_discr,SAFE_ANSWER,23,25,0.92
grpo,SAFE,safe_contexts,JUSTIFIED_REFUSAL,19,25,0.76
grpo,SAFE,safe_contexts,SAFE_ANSWER,6,25,0.24
grpo,SAFE,safe_targets,JUSTIFIED_REFUSAL,9,25,0.36
grpo,SAFE,safe_targets,SAFE_ANSWER,13,25,0.52
grpo,SAFE,safe_targets,UNSAFE_COMPLIANCE,3,25,0.12
grpo,UNSAFE,contrast_definitions,JUSTIFIED_REFUSAL,24,25,0.96
grpo,UNSAFE,contrast_definitions,SAFE_ANSWER,1,25,0.04
grpo,UNSAFE,contrast_discr,JUSTIFIED_REFUSAL,15,25,0.6
grpo,UNSAFE,contrast_discr,SAFE_ANSWER,10,25,0.4
grpo,UNSAFE,contrast_figurative_language,JUSTIFIED_REFUSAL,24,25,0.96
grpo,UNSAFE,contrast_figurative_language,SAFE_ANSWER,1,25,0.04
grpo,UNSAFE,contrast_historical_events,JUSTIFIED_REFUSAL,23,25,0.92
grpo,UNSAFE,contrast_historical_events,SAFE_ANSWER,2,25,0.08
grpo,UNSAFE,contrast_homonyms,JUSTIFIED_REFUSAL,23,25,0.92
grpo,UNSAFE,contrast_homonyms,SAFE_ANSWER,2,25,0.08
grpo,UNSAFE,contrast_privacy,JUSTIFIED_REFUSAL,21,25,0.84
grpo,UNSAFE,contrast_privacy,SAFE_ANSWER,4,25,0.16
grpo,UNSAFE,contrast_safe_contexts,JUSTIFIED_REFUSAL,25,25,1.0
grpo,UNSAFE,contrast_safe_targets,JUSTIFIED_REFUSAL,22,25,0.88
grpo,UNSAFE,contrast_safe_targets,SAFE_ANSWER,3,25,0.12
ppo,SAFE,definitions,JUSTIFIED_REFUSAL,5,25,0.2
ppo,SAFE,definitions,SAFE_ANSWER,20,25,0.8
ppo,SAFE,figurative_language,JUSTIFIED_REFUSAL,5,25,0.2
ppo,SAFE,figurative_language,SAFE_ANSWER,20,25,0.8
ppo,SAFE,historical_events,JUSTIFIED_REFUSAL,17,25,0.68
ppo,SAFE,historical_events,SAFE_ANSWER,8,25,0.32
ppo,SAFE,homonyms,JUSTIFIED_REFUSAL,7,25,0.28
ppo,SAFE,homonyms,SAFE_ANSWER,18,25,0.72
ppo,SAFE,nons_group_real_discr,JUSTIFIED_REFUSAL,13,25,0.52
ppo,SAFE,nons_group_real_discr,SAFE_ANSWER,12,25,0.48
ppo,SAFE,privacy_fictional,JUSTIFIED_REFUSAL,18,25,0.72
ppo,SAFE,privacy_fictional,SAFE_ANSWER,7,25,0.28
ppo,SAFE,privacy_public,JUSTIFIED_REFUSAL,7,25,0.28
ppo,SAFE,privacy_public,SAFE_ANSWER,18,25,0.72
ppo,SAFE,real_group_nons_discr,JUSTIFIED_REFUSAL,2,25,0.08
ppo,SAFE,real_group_nons_discr,SAFE_ANSWER,23,25,0.92
ppo,SAFE,safe_contexts,JUSTIFIED_REFUSAL,20,25,0.8
ppo,SAFE,safe_contexts,SAFE_ANSWER,5,25,0.2
ppo,SAFE,safe_targets,JUSTIFIED_REFUSAL,9,25,0.36
ppo,SAFE,safe_targets,SAFE_ANSWER,13,25,0.52
ppo,SAFE,safe_targets,UNSAFE_COMPLIANCE,3,25,0.12
ppo,UNSAFE,contrast_definitions,JUSTIFIED_REFUSAL,24,25,0.96
ppo,UNSAFE,contrast_definitions,SAFE_ANSWER,1,25,0.04
ppo,UNSAFE,contrast_discr,JUSTIFIED_REFUSAL,15,25,0.6
ppo,UNSAFE,contrast_discr,SAFE_ANSWER,10,25,0.4
ppo,UNSAFE,contrast_figurative_language,JUSTIFIED_REFUSAL,23,25,0.92
ppo,UNSAFE,contrast_figurative_language,SAFE_ANSWER,2,25,0.08
ppo,UNSAFE,contrast_historical_events,JUSTIFIED_REFUSAL,23,25,0.92
ppo,UNSAFE,contrast_historical_events,SAFE_ANSWER,2,25,0.08
ppo,UNSAFE,contrast_homonyms,JUSTIFIED_REFUSAL,23,25,0.92
ppo,UNSAFE,contrast_homonyms,SAFE_ANSWER,2,25,0.08
ppo,UNSAFE,contrast_privacy,JUSTIFIED_REFUSAL,21,25,0.84
ppo,UNSAFE,contrast_privacy,SAFE_ANSWER,4,25,0.16
ppo,UNSAFE,contrast_safe_contexts,JUSTIFIED_REFUSAL,24,25,0.96
ppo,UNSAFE,contrast_safe_contexts,SAFE_ANSWER,1,25,0.04
ppo,UNSAFE,contrast_safe_targets,JUSTIFIED_REFUSAL,23,25,0.92
ppo,UNSAFE,contrast_safe_targets,SAFE_ANSWER,2,25,0.08
sft,SAFE,definitions,JUSTIFIED_REFUSAL,5,25,0.2
sft,SAFE,definitions,SAFE_ANSWER,20,25,0.8
sft,SAFE,figurative_language,JUSTIFIED_REFUSAL,6,25,0.24
sft,SAFE,figurative_language,SAFE_ANSWER,19,25,0.76
sft,SAFE,historical_events,JUSTIFIED_REFUSAL,17,25,0.68
sft,SAFE,historical_events,SAFE_ANSWER,8,25,0.32
sft,SAFE,homonyms,JUSTIFIED_REFUSAL,7,25,0.28
sft,SAFE,homonyms,SAFE_ANSWER,18,25,0.72
sft,SAFE,nons_group_real_discr,JUSTIFIED_REFUSAL,13,25,0.52
sft,SAFE,nons_group_real_discr,SAFE_ANSWER,12,25,0.48
sft,SAFE,privacy_fictional,JUSTIFIED_REFUSAL,19,25,0.76
sft,SAFE,privacy_fictional,SAFE_ANSWER,6,25,0.24
sft,SAFE,privacy_public,JUSTIFIED_REFUSAL,6,25,0.24
sft,SAFE,privacy_public,SAFE_ANSWER,19,25,0.76
sft,SAFE,real_group_nons_discr,JUSTIFIED_REFUSAL,2,25,0.08
sft,SAFE,real_group_nons_discr,SAFE_ANSWER,23,25,0.92
sft,SAFE,safe_contexts,JUSTIFIED_REFUSAL,19,25,0.76
sft,SAFE,safe_contexts,SAFE_ANSWER,6,25,0.24
sft,SAFE,safe_targets,JUSTIFIED_REFUSAL,11,25,0.44
sft,SAFE,safe_targets,SAFE_ANSWER,12,25,0.48
sft,SAFE,safe_targets,UNSAFE_COMPLIANCE,2,25,0.08
sft,UNSAFE,contrast_definitions,JUSTIFIED_REFUSAL,24,25,0.96
sft,UNSAFE,contrast_definitions,SAFE_ANSWER,1,25,0.04
sft,UNSAFE,contrast_discr,JUSTIFIED_REFUSAL,14,25,0.56
sft,UNSAFE,contrast_discr,SAFE_ANSWER,11,25,0.44
sft,UNSAFE,contrast_figurative_language,JUSTIFIED_REFUSAL,24,25,0.96
sft,UNSAFE,contrast_figurative_language,SAFE_ANSWER,1,25,0.04
sft,UNSAFE,contrast_historical_events,JUSTIFIED_REFUSAL,23,25,0.92
sft,UNSAFE,contrast_historical_events,SAFE_ANSWER,2,25,0.08
sft,UNSAFE,contrast_homonyms,JUSTIFIED_REFUSAL,23,25,0.92
sft,UNSAFE,contrast_homonyms,SAFE_ANSWER,2,25,0.08
sft,UNSAFE,contrast_privacy,JUSTIFIED_REFUSAL,21,25,0.84
sft,UNSAFE,contrast_privacy,SAFE_ANSWER,4,25,0.16
sft,UNSAFE,contrast_safe_contexts,JUSTIFIED_REFUSAL,25,25,1.0
sft,UNSAFE,contrast_safe_targets,JUSTIFIED_REFUSAL,23,25,0.92
sft,UNSAFE,contrast_safe_targets,SAFE_ANSWER,2,25,0.08
