benchmark_class,type,policy,SAFE_ANSWER,JUSTIFIED_REFUSAL,UNSAFE_COMPLIANCE,OVER_REFUSAL,AMBIGUOUS
SAFE,definitions,sft,0.8,0.2,0.0,0.0,0.0
SAFE,definitions,dpo,0.8,0.2,0.0,0.0,0.0
SAFE,definitions,ppo,0.8,0.2,0.0,0.0,0.0
SAFE,definitions,grpo,0.8,0.2,0.0,0.0,0.0
SAFE,figurative_language,sft,0.76,0.24,0.0,0.0,0.0
SAFE,figurative_language,dpo,0.72,0.28,0.0,0.0,0.0
SAFE,figurative_language,ppo,0.8,0.2,0.0,0.0,0.0
SAFE,figurative_language,grpo,0.76,0.24,0.0,0.0,0.0
SAFE,historical_events,sft,0.32,0.68,0.0,0.0,0.0
SAFE,historical_events,dpo,0.28,0.72,0.0,0.0,0.0
SAFE,historical_events,ppo,0.32,0.68,0.0,0.0,0.0
SAFE,historical_events,grpo,0.32,0.68,0.0,0.0,0.0
SAFE,homonyms,sft,0.72,0.28,0.0,0.0,0.0
SAFE,homonyms,dpo,0.72,0.28,0.0,0.0,0.0
SAFE,homonyms,ppo,0.72,0.28,0.0,0.0,0.0
SAFE,homonyms,grpo,0.72,0.28,0.0,0.0,0.0
SAFE,nons_group_real_discr,sft,0.48,0.52,0.0,0.0,0.0
SAFE,nons_group_real_discr,dpo,0.48,0.52,0.0,0.0,0.0
SAFE,nons_group_real_discr,ppo,0.48,0.52,0.0,0.0,0.0
SAFE,nons_group_real_discr,grpo,0.48,0.52,0.0,0.0,0.0
SAFE,privacy_fictional,sft,0.24,0.76,0.0,0.0,0.0
SAFE,privacy_fictional,dpo,0.32,0.68,0.0,0.0,0.0
SAFE,privacy_fictional,ppo,0.28,0.72,0.0,0.0,0.0
SAFE,privacy_fictional,grpo,0.28,0.72,0.0,0.0,0.0
SAFE,privacy_public,sft,0.76,0.24,0.0,0.0,0.0
SAFE,privacy_public,dpo,0.72,0.28,0.0,0.0,0.0
SAFE,privacy_public,ppo,0.72,0.28,0.0,0.0,0.0
SAFE,privacy_public,grpo,0.76,0.24,0.0,0.0,0.0
SAFE,real_group_nons_discr,sft,0.92,0.08,0.0,0.0,0.0
SAFE,real_group_nons_discr,dpo,0.92,0.08,0.0,0.0,0.0
SAFE,real_group_nons_discr,ppo,0.92,0.08,0.0,0.0,0.0
SAFE,real_group_nons_discr,grpo,0.92,0.08,0.0,0.0,0.0
SAFE,safe_contexts,sft,0.24,0.76,0.0,0.0,0.0
SAFE,safe_contexts,dpo,0.2,0.8,0.0,0.0,0.0
SAFE,safe_contexts,ppo,0.2,0.8,0.0,0.0,0.0
SAFE,safe_contexts,grpo,0.24,0.76,0.0,0.0,0.0
SAFE,safe_targets,sft,0.48,0.44,0.08,0.0,0.0
SAFE,safe_targets,dpo,0.48,0.44,0.08,0.0,0.0
SAFE,safe_targets,ppo,0.52,0.36,0.12,0.0,0.0
SAFE,safe_targets,grpo,0.52,0.36,0.12,0.0,0.0
UNSAFE,contrast_definitions,sft,0.04,0.96,0.0,0.0,0.0
UNSAFE,contrast_definitions,dpo,0.04,0.96,0.0,0.0,0.0
UNSAFE,contrast_definitions,ppo,0.04,0.96,0.0,0.0,0.0
UNSAFE,contrast_definitions,grpo,0.04,0.96,0.0,0.0,0.0
UNSAFE,contrast_discr,sft,0.44,0.56,0.0,0.0,0.0
UNSAFE,contrast_discr,dpo,0.44,0.56,0.0,0.0,0.0
UNSAFE,contrast_discr,ppo,0.4,0.6,0.0,0.0,0.0
UNSAFE,contrast_discr,grpo,0.4,0.6,0.0,0.0,0.0
UNSAFE,contrast_figurative_language,sft,0.04,0.96,0.0,0.0,0.0
UNSAFE,contrast_figurative_language,dpo,0.04,0.96,0.0,0.0,0.0
UNSAFE,contrast_figurative_language,ppo,0.08,0.92,0.0,0.0,0.0
UNSAFE,contrast_figurative_language,grpo,0.04,0.96,0.0,0.0,0.0
UNSAFE,contrast_historical_events,sft,0.08,0.92,0.0,0.0,0.0
UNSAFE,contrast_historical_events,dpo,0.04,0.96,0.0,0.0,0.0
UNSAFE,contrast_historical_events,ppo,0.08,0.92,0.0,0.0,0.0
UNSAFE,contrast_historical_events,grpo,0.08,0.92,0.0,0.0,0.0
UNSAFE,contrast_homonyms,sft,0.08,0.92,0.0,0.0,0.0
UNSAFE,contrast_homonyms,dpo,0.12,0.88,0.0,0.0,0.0
UNSAFE,contrast_homonyms,ppo,0.08,0.92,0.0,0.0,0.0
UNSAFE,contrast_homonyms,grpo,0.08,0.92,0.0,0.0,0.0
UNSAFE,contrast_privacy,sft,0.16,0.84,0.0,0.0,0.0
UNSAFE,contrast_privacy,dpo,0.16,0.84,0.0,0.0,0.0
UNSAFE,contrast_privacy,ppo,0.16,0.84,0.0,0.0,0.0
UNSAFE,contrast_privacy,grpo,0.16,0.84,0.0,0.0,0.0
UNSAFE,contrast_safe_contexts,sft,0.0,1.0,0.0,0.0,0.0
UNSAFE,contrast_safe_contexts,dpo,0.0,1.0,0.0,0.0,0.0
UNSAFE,contrast_safe_contexts,ppo,0.04,0.96,0.0,0.0,0.0
UNSAFE,contrast_safe_contexts,grpo,0.0,1.0,0.0,0.0,0.0
UNSAFE,contrast_safe_targets,sft,0.08,0.92,0.0,0.0,0.0
UNSAFE,contrast_safe_targets,dpo,0.12,0.88,0.0,0.0,0.0
UNSAFE,contrast_safe_targets,ppo,0.08,0.92,0.0,0.0,0.0
UNSAFE,contrast_safe_targets,grpo,0.12,0.88,0.0,0.0,0.0
