update,reward_raw,reward_effective,kl_token_mean,kl_seq_sum_mean,policy_loss,value_loss,entropy,sample_entropy,clip_fraction,affected_fraction,grad_norm,value_grad_norm_mean,response_length,eos_rate,truncation_rate,value_mean,return_mean,explained_variance,approx_kl_old_new_last,skipped_steps,update_s
1,2.697265625,2.697265625,0.0005384010728448629,0.054378509521484375,-0.00026805448204036963,7.688205242156982,1.09320867061615,0.8743913173675537,0.0,0.0,0.7488686740398407,,101.0,1.0,0.0,-1.8517011404037476,-1.1780178546905518,-4.069370746612549,1.4069646567804739e-05,0,8.2
2,3.28515625,3.28515625,0.0009276072378270328,0.019479751586914062,-0.0011079907195536975,24.96826171875,1.6455268859863281,0.7852972745895386,0.0,0.0,1.4842159152030945,,21.0,1.0,0.0,-2.4636051654815674,1.027989149093628,-9.891425132751465,1.4750730770174414e-05,0,2.2
3,-1.328125,-1.328125,0.002283397363498807,0.043384552001953125,-5.887684164918028e-05,3.3443987369537354,0.5700544118881226,0.38300204277038574,0.0,0.0,0.6467789113521576,99.11665344238281,19.0,1.0,0.0,-2.000664234161377,-1.4463189840316772,-270.0859069824219,1.1936614100704901e-05,0,2.2
4,2.16796875,2.16796875,3.501129322103225e-05,0.008752822875976562,2.6319504424554552e-05,3.677816152572632,1.4503576755523682,1.1916576623916626,0.0,0.0,0.2990511506795883,66.7494125366211,250.0,1.0,0.0,-1.785436987876892,-1.515731692314148,-3.045212745666504,1.7576932805241086e-05,0,13.5
5,0.4599609375,-0.5400390625,0.0001875944435596466,0.09604835510253906,6.391014903783798e-05,4.727303504943848,1.258948564529419,0.9993734955787659,0.0,0.0,0.2780008614063263,63.077022552490234,512.0,0.0,1.0,-2.0339677333831787,-1.9634379148483276,-12.00766372680664,1.3594399206340313e-05,0,26.9
6,2.513671875,1.513671875,0.0001621060073375702,0.08299827575683594,-0.00014198850840330124,5.840583562850952,0.9144843816757202,0.7745437026023865,0.0,0.0,0.21650830656290054,98.73165130615234,512.0,0.0,1.0,-1.3509941101074219,-1.2664642333984375,-7.735742568969727,1.0560150258243084e-05,0,27.0
7,2.720703125,2.720703125,-0.00015871193318162113,-0.0707855224609375,-0.00016032927193165847,4.201512813568115,1.4208095073699951,1.1139233112335205,0.0,0.0,0.2365085929632187,65.62198638916016,446.0,1.0,0.0,-2.5469160079956055,-2.2861101627349854,-3.5537853240966797,1.392249578202609e-05,0,23.0
8,1.5439453125,1.5439453125,0.00010958584607578814,0.0012054443359375,0.0019057799575179502,10.373478889465332,0.6073285937309265,0.5351436138153076,0.0,0.0,5.186206340789795,372.98480224609375,11.0,1.0,0.0,-1.6957751512527466,0.9116919040679932,-17.456016540527344,1.2018464076390956e-05,0,1.8
9,2.205078125,2.205078125,-1.9657780285342596e-05,-0.0055828094482421875,8.881091999812796e-05,2.6403748989105225,1.0810353755950928,0.9248262643814087,0.0,0.0,0.32460033893585205,47.42927169799805,284.0,1.0,0.0,-0.7404685020446777,-0.565811276435852,-3.369020938873291,1.614572283870075e-05,0,14.9
10,2.19140625,2.19140625,-0.00014253512199502438,-0.04162025451660156,-0.00016187478836826585,3.7750532627105713,0.9942899942398071,0.8297562003135681,0.0,0.0,0.28777869045734406,68.3004322052002,292.0,1.0,0.0,-2.6459949016571045,-2.31708025932312,-2.688305616378784,1.4385132089955732e-05,0,15.7
11,1.4833984375,1.4833984375,-2.6879659344558604e-05,-0.0055103302001953125,6.729218922130187e-05,2.6585192680358887,0.9037594795227051,0.7836965918540955,0.0,0.0,0.3047424703836441,46.53554916381836,205.0,1.0,0.0,-0.3415773808956146,-0.20407383143901825,-8.597079277038574,1.8726615962805226e-05,0,11.7
12,1.99609375,0.99609375,-0.00012546777725219727,-0.064239501953125,-1.0943040251731873e-05,4.274477481842041,0.5890241265296936,0.5348266959190369,0.0,0.0,0.168746717274189,70.13045883178711,512.0,0.0,1.0,0.012202009558677673,0.05402006581425667,-8.140026092529297,8.459435775876045e-06,0,26.3
13,1.9873046875,1.9873046875,-0.00040024452027864754,-0.1456890106201172,4.818937144746016e-05,2.3662753105163574,1.2742973566055298,0.9940183758735657,0.0,0.0,0.27056480944156647,33.90725898742676,364.0,1.0,0.0,1.339798092842102,1.3384106159210205,-20.08718490600586,1.622261515876744e-05,0,19.4
14,2.615234375,2.615234375,-0.0012706888373941183,-0.073699951171875,0.0004982321687716507,2.459979772567749,1.0322067737579346,0.788867175579071,0.0,0.0,0.7989846467971802,90.13050079345703,58.0,1.0,0.0,1.1865181922912598,1.7645947933197021,-34.12201690673828,1.284480094909668e-05,0,4.2
15,0.57275390625,-0.42724609375,0.00017672032117843628,0.09048080444335938,5.29363751411438e-06,5.022484540939331,0.9848949909210205,0.7515846490859985,0.0,0.0,0.2153557911515236,72.26272583007812,512.0,0.0,1.0,-1.913705825805664,-1.8623898029327393,-8.843575477600098,1.0338728316128254e-05,0,27.5
16,3.05859375,3.05859375,-4.412764155858895e-06,-0.0015621185302734375,-3.073444451606733e-05,3.7252016067504883,0.36919546127319336,0.3424064815044403,0.0,0.0,0.20379600673913956,67.94026947021484,354.0,1.0,0.0,-0.031887322664260864,0.03657427057623863,-3.7701892852783203,8.009584234969225e-06,0,19.0
17,1.26171875,1.26171875,-0.0001928729034261778,-0.08930015563964844,-0.0001663651852794601,3.4131182432174683,1.2561036348342896,1.0108182430267334,0.0,0.0,0.20873283594846725,44.7116756439209,463.0,1.0,0.0,-0.8140129446983337,-0.7211254835128784,-2.91326904296875,1.1931356311833952e-05,0,24.8
18,-0.3447265625,-0.3447265625,0.00013376318383961916,0.0030765533447265625,6.842094792247622e-05,5.712050437927246,0.5883878469467163,0.4724908769130707,0.0,0.0,0.7231481671333313,451.91212463378906,23.0,1.0,0.0,3.1820333003997803,1.0571879148483276,-2.02913236618042,2.0229297660989687e-05,0,2.4
19,-1.01171875,-1.01171875,0.0003444671747274697,0.024112701416015625,7.834264147899006e-05,5.625148057937622,1.6928547620773315,1.095941424369812,0.0,0.0,0.7604680359363556,162.59899139404297,70.0,1.0,0.0,1.2275842428207397,0.5192269682884216,-13.383761405944824,1.6257592506008223e-05,0,4.7
20,2.03515625,2.03515625,-0.00028143575764261186,-0.028987884521484375,-8.978426724315369e-05,2.830061912536621,0.8468380570411682,0.7478882074356079,0.0,0.0,0.38263486325740814,67.18901062011719,103.0,1.0,0.0,0.4272881746292114,0.7846479415893555,-4.029897689819336,1.3577706340583973e-05,0,6.2
