K,source_index,bin,slot,rewards,std,informative
2,124,mid,0,1.8359 2.6875,0.425781,1
2,124,mid,1,2.3281 2.1406,0.093750,1
2,124,mid,2,1.9453 2.7812,0.417969,1
2,124,mid,3,2.2656 3.0156,0.375000,1
2,671,low_reward_hard,0,-2.0000 -3.3594,0.679688,1
2,671,low_reward_hard,1,-3.8125 1.8828,2.847656,1
2,671,low_reward_hard,2,-0.0703 -1.7812,0.855469,1
2,671,low_reward_hard,3,0.8242 -3.3281,2.076172,1
2,510,mid,0,0.3633 1.8672,0.751953,1
2,510,mid,1,1.4844 2.2656,0.390625,1
2,510,mid,2,2.5312 1.6016,0.464844,1
2,510,mid,3,1.9219 2.8906,0.484375,1
2,981,mid,0,2.3906 1.7812,0.304688,1
2,981,mid,1,2.4844 2.3906,0.046875,1
2,981,mid,2,2.4062 2.4062,0.000000,0
2,981,mid,3,2.4844 1.7734,0.355469,1
2,175,low_reward_hard,0,0.2676 -0.3027,0.285156,1
2,175,low_reward_hard,1,0.7266 0.2334,0.246582,1
2,175,low_reward_hard,2,2.1250 0.3027,0.911133,1
2,175,low_reward_hard,3,0.4902 2.0938,0.801758,1
2,185,high_reward_easy,0,0.5625 0.5547,0.003906,1
2,185,high_reward_easy,1,2.2656 2.5469,0.140625,1
2,185,high_reward_easy,2,3.9688 3.5000,0.234375,1
2,185,high_reward_easy,3,3.5625 2.7188,0.421875,1
2,953,low_reward_hard,0,-0.7148 0.6602,0.687500,1
2,953,low_reward_hard,1,0.9023 0.2734,0.314453,1
2,953,low_reward_hard,2,1.4375 1.1797,0.128906,1
2,953,low_reward_hard,3,0.2891 1.8438,0.777344,1
2,873,mid,0,2.9062 3.2656,0.179688,1
2,873,mid,1,1.9531 1.7031,0.125000,1
2,873,mid,2,2.3438 2.5625,0.109375,1
2,873,mid,3,2.0781 0.6641,0.707031,1
2,796,mid,0,2.5938 1.8984,0.347656,1
2,796,mid,1,0.6523 2.8594,1.103516,1
2,796,mid,2,2.9844 1.0156,0.984375,1
2,796,mid,3,-0.0806 2.6094,1.344971,1
2,263,high_reward_easy,0,2.9062 1.9297,0.488281,1
2,263,high_reward_easy,1,1.8125 2.9531,0.570312,1
2,263,high_reward_easy,2,2.4531 2.7344,0.140625,1
2,263,high_reward_easy,3,2.6562 1.9922,0.332031,1
2,507,high_reward_easy,0,2.0781 3.7188,0.820312,1
2,507,high_reward_easy,1,2.6250 3.5000,0.437500,1
2,507,high_reward_easy,2,2.2656 3.9219,0.828125,1
2,507,high_reward_easy,3,3.7969 3.8594,0.031250,1
2,961,low_reward_hard,0,0.3516 0.2598,0.045898,1
2,961,low_reward_hard,1,0.3379 -0.8477,0.592773,1
2,961,low_reward_hard,2,-0.8320 -0.0986,0.366699,1
2,961,low_reward_hard,3,-1.2344 0.5078,0.871094,1
2,280,low_reward_hard,0,1.2734 1.2734,0.000000,0
2,280,low_reward_hard,1,1.2734 1.2734,0.000000,0
2,280,low_reward_hard,2,1.2734 1.2734,0.000000,0
2,280,low_reward_hard,3,1.2734 1.2734,0.000000,0
2,936,low_reward_hard,0,0.7148 0.1855,0.264648,1
2,936,low_reward_hard,1,2.0312 1.1641,0.433594,1
2,936,low_reward_hard,2,-1.2188 0.2354,0.727051,1
2,936,low_reward_hard,3,2.1250 1.9141,0.105469,1
2,254,mid,0,2.0625 -0.4668,1.264648,1
2,254,mid,1,1.1641 1.3281,0.082031,1
2,254,mid,2,2.0312 0.1709,0.930176,1
2,254,mid,3,2.4844 1.8828,0.300781,1
2,463,high_reward_easy,0,3.4062 3.0312,0.187500,1
2,463,high_reward_easy,1,2.8281 2.9531,0.062500,1
2,463,high_reward_easy,2,3.0469 2.7812,0.132812,1
2,463,high_reward_easy,3,3.0469 2.9375,0.054688,1
2,436,mid,0,2.5156 2.2500,0.132812,1
2,436,mid,1,1.3125 2.5469,0.617188,1
2,436,mid,2,2.1875 2.3906,0.101562,1
2,436,mid,3,2.1875 2.3125,0.062500,1
2,942,high_reward_easy,0,3.0000 2.6719,0.164062,1
2,942,high_reward_easy,1,2.7031 2.3438,0.179688,1
2,942,high_reward_easy,2,2.9062 2.7031,0.101562,1
2,942,high_reward_easy,3,2.5156 2.6562,0.070312,1
2,184,high_reward_easy,0,2.6562 3.0000,0.171875,1
2,184,high_reward_easy,1,3.0156 2.7500,0.132812,1
2,184,high_reward_easy,2,3.0625 3.6875,0.312500,1
2,184,high_reward_easy,3,2.9688 2.5938,0.187500,1
2,922,mid,0,2.6094 2.4062,0.101562,1
2,922,mid,1,2.3594 2.3750,0.007812,1
2,922,mid,2,2.5469 1.8672,0.339844,1
2,922,mid,3,2.3438 2.8281,0.242188,1
2,755,high_reward_easy,0,3.5938 2.4219,0.585938,1
2,755,high_reward_easy,1,3.3438 3.1719,0.085938,1
2,755,high_reward_easy,2,2.7812 2.3125,0.234375,1
2,755,high_reward_easy,3,3.4219 3.5312,0.054688,1
2,457,low_reward_hard,0,-1.0078 -0.4512,0.278320,1
2,457,low_reward_hard,1,-0.6953 -0.5000,0.097656,1
2,457,low_reward_hard,2,-1.5234 -1.1016,0.210938,1
2,457,low_reward_hard,3,-0.0913 -1.4453,0.677002,1
2,832,high_reward_easy,0,2.3281 3.1875,0.429688,1
2,832,high_reward_easy,1,2.3906 2.2344,0.078125,1
2,832,high_reward_easy,2,2.5625 2.1562,0.203125,1
2,832,high_reward_easy,3,3.1406 3.2500,0.054688,1
2,495,low_reward_hard,0,-1.8672 -1.4375,0.214844,1
2,495,low_reward_hard,1,-1.9141 -1.7344,0.089844,1
2,495,low_reward_hard,2,-1.3516 -0.9492,0.201172,1
2,495,low_reward_hard,3,-1.0547 -1.0547,0.000000,0
4,124,mid,0,1.8359 2.6875 2.3281 2.1406,0.308588,1
4,124,mid,1,1.9453 2.7812 2.2656 3.0156,0.420585,1
4,671,low_reward_hard,0,-2.0000 -3.3594 -3.8125 1.8828,2.240699,1
4,671,low_reward_hard,1,-0.0703 -1.7812 0.8242 -3.3281,1.596169,1
4,510,mid,0,0.3633 1.8672 1.4844 2.2656,0.709452,1
4,510,mid,1,2.5312 1.6016 1.9219 2.8906,0.504205,1
4,981,mid,0,2.3906 1.7812 2.4844 2.3906,0.280027,1
4,981,mid,1,2.4062 2.4062 2.4844 1.7734,0.287070,1
4,175,low_reward_hard,0,0.2676 -0.3027 0.7266 0.2334,0.364622,1
4,175,low_reward_hard,1,2.1250 0.3027 0.4902 2.0938,0.859078,1
4,185,high_reward_easy,0,0.5625 0.5547 2.2656 2.5469,0.929168,1
4,185,high_reward_easy,1,3.9688 3.5000 3.5625 2.7188,0.452316,1
4,953,low_reward_hard,0,-0.7148 0.6602 0.9023 0.2734,0.616763,1
4,953,low_reward_hard,1,1.4375 1.1797 0.2891 1.8438,0.570179,1
4,873,mid,0,2.9062 3.2656 1.9531 1.7031,0.647672,1
4,873,mid,1,2.3438 2.5625 2.0781 0.6641,0.740693,1
4,796,mid,0,2.5938 1.8984 0.6523 2.8594,0.854042,1
4,796,mid,1,2.9844 1.0156 -0.0806 2.6094,1.234603,1
4,263,high_reward_easy,0,2.9062 1.9297 1.8125 2.9531,0.531175,1
4,263,high_reward_easy,1,2.4531 2.7344 2.6562 1.9922,0.288395,1
4,507,high_reward_easy,0,2.0781 3.7188 2.6250 3.5000,0.662487,1
4,507,high_reward_easy,1,2.2656 3.9219 3.7969 3.8594,0.691528,1
4,961,low_reward_hard,0,0.3516 0.2598 0.3379 -0.8477,0.505269,1
4,961,low_reward_hard,1,-0.8320 -0.0986 -1.2344 0.5078,0.670254,1
4,280,low_reward_hard,0,1.2734 1.2734 1.2734 1.2734,0.000000,0
4,280,low_reward_hard,1,1.2734 1.2734 1.2734 1.2734,0.000000,0
4,936,low_reward_hard,0,0.7148 0.1855 2.0312 1.1641,0.676896,1
4,936,low_reward_hard,1,-1.2188 0.2354 2.1250 1.9141,1.358835,1
4,254,mid,0,2.0625 -0.4668 1.1641 1.3281,0.923722,1
4,254,mid,1,2.0312 0.1709 2.4844 1.8828,0.877958,1
4,463,high_reward_easy,0,3.4062 3.0312 2.8281 2.9531,0.215517,1
4,463,high_reward_easy,1,3.0469 2.7812 3.0469 2.9375,0.108816,1
4,436,mid,0,2.5156 2.2500 1.3125 2.5469,0.500610,1
4,436,mid,1,2.1875 2.3906 2.1875 2.3125,0.086557,1
4,942,high_reward_easy,0,3.0000 2.6719 2.7031 2.3438,0.232414,1
4,942,high_reward_easy,1,2.9062 2.7031 2.5156 2.6562,0.139972,1
4,184,high_reward_easy,0,2.6562 3.0000 3.0156 2.7500,0.156006,1
4,184,high_reward_easy,1,3.0625 3.6875 2.9688 2.5938,0.393117,1
4,922,mid,0,2.6094 2.4062 2.3594 2.3750,0.100657,1
4,922,mid,1,2.5469 1.8672 2.3438 2.8281,0.350666,1
4,755,high_reward_easy,0,3.5938 2.4219 3.3438 3.1719,0.437011,1
4,755,high_reward_easy,1,2.7812 2.3125 3.4219 3.5312,0.495016,1
4,457,low_reward_hard,0,-1.0078 -0.4512 -0.6953 -0.5000,0.218734,1
4,457,low_reward_hard,1,-1.5234 -1.1016 -0.0913 -1.4453,0.570481,1
4,832,high_reward_easy,0,2.3281 3.1875 2.3906 2.2344,0.380714,1
4,832,high_reward_easy,1,2.5625 2.1562 3.1406 3.2500,0.443648,1
4,495,low_reward_hard,0,-1.8672 -1.4375 -1.9141 -1.7344,0.185742,1
4,495,low_reward_hard,1,-1.3516 -0.9492 -1.0547 -1.0547,0.150083,1
8,124,mid,0,1.8359 2.6875 2.3281 2.1406 1.9453 2.7812 2.2656 3.0156,0.390097,1
8,671,low_reward_hard,0,-2.0000 -3.3594 -3.8125 1.8828 -0.0703 -1.7812 0.8242 -3.3281,1.979574,1
8,510,mid,0,0.3633 1.8672 1.4844 2.2656 2.5312 1.6016 1.9219 2.8906,0.718415,1
8,981,mid,0,2.3906 1.7812 2.4844 2.3906 2.4062 2.4062 2.4844 1.7734,0.283585,1
8,175,low_reward_hard,0,0.2676 -0.3027 0.7266 0.2334 2.1250 0.3027 0.4902 2.0938,0.834545,1
8,185,high_reward_easy,0,0.5625 0.5547 2.2656 2.5469 3.9688 3.5000 3.5625 2.7188,1.220473,1
8,953,low_reward_hard,0,-0.7148 0.6602 0.9023 0.2734 1.4375 1.1797 0.2891 1.8438,0.747339,1
8,873,mid,0,2.9062 3.2656 1.9531 1.7031 2.3438 2.5625 2.0781 0.6641,0.747186,1
8,796,mid,0,2.5938 1.8984 0.6523 2.8594 2.9844 1.0156 -0.0806 2.6094,1.077411,1
8,263,high_reward_easy,0,2.9062 1.9297 1.8125 2.9531 2.4531 2.7344 2.6562 1.9922,0.428389,1
8,507,high_reward_easy,0,2.0781 3.7188 2.6250 3.5000 2.2656 3.9219 3.7969 3.8594,0.718514,1
8,961,low_reward_hard,0,0.3516 0.2598 0.3379 -0.8477 -0.8320 -0.0986 -1.2344 0.5078,0.632931,1
8,280,low_reward_hard,0,1.2734 1.2734 1.2734 1.2734 1.2734 1.2734 1.2734 1.2734,0.000000,0
8,936,low_reward_hard,0,0.7148 0.1855 2.0312 1.1641 -1.2188 0.2354 2.1250 1.9141,1.081301,1
8,254,mid,0,2.0625 -0.4668 1.1641 1.3281 2.0312 0.1709 2.4844 1.8828,0.953021,1
8,463,high_reward_easy,0,3.4062 3.0312 2.8281 2.9531 3.0469 2.7812 3.0469 2.9375,0.178110,1
8,436,mid,0,2.5156 2.2500 1.3125 2.5469 2.1875 2.3906 2.1875 2.3125,0.363675,1
8,942,high_reward_easy,0,3.0000 2.6719 2.7031 2.3438 2.9062 2.7031 2.5156 2.6562,0.192003,1
8,184,high_reward_easy,0,2.6562 3.0000 3.0156 2.7500 3.0625 3.6875 2.9688 2.5938,0.319113,1
8,922,mid,0,2.6094 2.4062 2.3594 2.3750 2.5469 1.8672 2.3438 2.8281,0.258785,1
8,755,high_reward_easy,0,3.5938 2.4219 3.3438 3.1719 2.7812 2.3125 3.4219 3.5312,0.470825,1
8,457,low_reward_hard,0,-1.0078 -0.4512 -0.6953 -0.5000 -1.5234 -1.1016 -0.0913 -1.4453,0.471325,1
8,832,high_reward_easy,0,2.3281 3.1875 2.3906 2.2344 2.5625 2.1562 3.1406 3.2500,0.430752,1
8,495,low_reward_hard,0,-1.8672 -1.4375 -1.9141 -1.7344 -1.3516 -0.9492 -1.0547 -1.0547,0.359937,1
